{"initial_reset_timestamp": 1527540729.0572858, "timestamps": [1527540729.0578802, 1527540729.0581481, 1527540729.0585542, 1527540729.058959, 1527540729.059212, 1527540729.059548, 1527540729.059957, 1527540729.060481, 1527540729.060759, 1527540729.061045, 1527540729.061711, 1527540729.062128, 1527540729.062389, 1527540729.062654, 1527540729.063025, 1527540729.0634618, 1527540729.06383, 1527540729.064335, 1527540729.064716, 1527540729.065204, 1527540729.065616, 1527540729.066001, 1527540729.066308, 1527540729.066907, 1527540729.06735, 1527540729.067605, 1527540729.0678558, 1527540729.0682151, 1527540729.068605, 1527540729.0689878, 1527540729.069379, 1527540729.06993, 1527540729.070192, 1527540729.0705779, 1527540729.071276, 1527540729.0715399, 1527540729.072067, 1527540729.072324, 1527540729.072895, 1527540729.0732129, 1527540729.073492, 1527540729.073747, 1527540729.0742028, 1527540729.0745301, 1527540729.0751412, 1527540729.075594, 1527540729.076019, 1527540729.076333, 1527540729.076582, 1527540729.0768561, 1527540729.0771358, 1527540729.077444, 1527540729.0777988, 1527540729.078086, 1527540729.078521, 1527540729.078869, 1527540729.079239, 1527540729.080225, 1527540729.080547, 1527540729.080804, 1527540729.0812411, 1527540729.081544, 1527540729.081842, 1527540729.0823739, 1527540729.0826828, 1527540729.0832489, 1527540729.083625, 1527540729.083943, 1527540729.0844648, 1527540729.0848482, 1527540729.085252, 1527540729.0854988, 1527540729.085747, 1527540729.0861492, 1527540729.086551, 1527540729.086911, 1527540729.0871701, 1527540729.087552, 1527540729.087817, 1527540729.0881002, 1527540729.0885031, 1527540729.0889, 1527540729.0893319, 1527540729.089757, 1527540729.0900679, 1527540729.090348, 1527540729.0906081, 1527540729.0909069, 1527540729.091316, 1527540729.091734, 1527540729.092252, 1527540729.092652, 1527540729.093041, 1527540729.09346, 1527540729.093854, 1527540729.094267, 1527540729.094578, 1527540729.0948548, 1527540729.095239, 1527540729.095486], "episode_lengths": [3, 1, 2, 2, 1, 1, 2, 3, 1, 1, 4, 2, 1, 1, 2, 2, 2, 3, 2, 3, 2, 1, 1, 3, 2, 1, 1, 1, 1, 2, 2, 3, 1, 2, 4, 1, 3, 1, 3, 1, 1, 1, 2, 1, 2, 2, 2, 1, 1, 1, 1, 1, 1, 1, 2, 1, 2, 5, 1, 1, 2, 1, 1, 3, 1, 2, 1, 1, 3, 2, 2, 1, 1, 2, 2, 2, 1, 2, 1, 1, 2, 2, 2, 2, 1, 1, 1, 1, 2, 2, 3, 2, 1, 1, 2, 2, 1, 1, 2, 1], "episode_rewards": [1.0, -1.0, 1.0, -1.0, -1.0, 1.0, 1.0, 1.0, -1.0, -1.0, -1.0, 1.0, 1.0, 1.0, -1.0, 1.0, -1.0, 0.0, 1.0, -1.0, -1.0, -1.0, 1.0, -1.0, 1.0, 1.0, -1.0, -1.0, 1.0, -1.0, -1.0, 1.0, -1.0, 1.0, 1.0, -1.0, -1.0, 1.0, -1.0, -1.0, 1.0, -1.0, 1.0, 1.0, 1.0, -1.0, 1.0, 1.0, -1.0, 1.0, 0.0, -1.0, -1.0, -1.0, 0.0, 0.0, -1.0, -1.0, 0.0, 0.0, -1.0, 1.0, -1.0, -1.0, -1.0, 1.0, 1.0, -1.0, 1.0, 1.0, -1.0, -1.0, -1.0, -1.0, -1.0, -1.0, -1.0, -1.0, 1.0, -1.0, 1.0, -1.0, 1.0, 1.0, -1.0, -1.0, 0.0, 1.0, -1.0, -1.0, 1.0, 0.0, 1.0, 1.0, 1.0, -1.0, 1.0, 1.0, -1.0, -1.0], "episode_types": ["t", "t", "t", "t", "t", "t", "t", "t", "t", "t", "t", "t", "t", "t", "t", "t", "t", "t", "t", "t", "t", "t", "t", "t", "t", "t", "t", "t", "t", "t", "t", "t", "t", "t", "t", "t", "t", "t", "t", "t", "t", "t", "t", "t", "t", "t", "t", "t", "t", "t", "t", "t", "t", "t", "t", "t", "t", "t", "t", "t", "t", "t", "t", "t", "t", "t", "t", "t", "t", "t", "t", "t", "t", "t", "t", "t", "t", "t", "t", "t", "t", "t", "t", "t", "t", "t", "t", "t", "t", "t", "t", "t", "t", "t", "t", "t", "t", "t", "t", "t"]}